mleko,krowa
mleko,białe
mleko,matki
mleko,biały
mleko,krowie
mleko,biel
mleko,płatki
mleko,kawa
mleko,rozlane
mleko,nabiał
mleko,kwaśne
mleko,łaciate
mleko,woda
mleko,zsiadłe
mleko,kot
mleko,pić
mleko,ser
mleko,świeże
mleko,matka
mleko,"od krowy"
mleko,kozie
mleko,chleb
mleko,kakao
mleko,szklanka
mleko,uht
mleko,zimne
mleko,jogurt
mleko,koza
mleko,masło
mleko,picie
mleko,śmietana
mleko,białko
mleko,butelka
mleko,ciepłe
mleko,dziecko
mleko,miód
mleko,napój
mleko,tłuste
mleko,tłuszcz
mleko,"i miód"
mleko,kwaśny
mleko,nos
mleko,odtłuszczone
mleko,pełne
mleko,pierś
mleko,pije
mleko,"pod nosem"
mleko,proszek
mleko,rozlać
mleko,skisłe
mleko,sojowe
mleko,ssać
mleko,śniadanie
mleko,świerze
mleko,"w proszku"
biały,śnieg
biały,kolor
biały,czarny
biały,kruk
biały,dom
biały,miś
biały,obrus
biały,koń
biały,ser
biały,kieł
biały,orzeł
biały,dzień
biały,papier
biały,kot
biały,puch
biały,jasny
biały,jeleń
biały,proszek
biały,mleko
biały,niewinność
biały,chleb
biały,czystość
biały,chmura
biały,czysty
biały,dym
biały,kołnierzyk
biały,kwiat
biały,niedźwiedź
biały,pies
biały,bałwan
biały,człowiek
biały,gołąb
biały,kościół
biały,łabądź
biały,mężczyzna
biały,ściana
biały,welon
biały,ząb
biały,anioł
biały,barwa
biały,ekran
biały,flaga
biały,kapelusz
biały,koc
biały,krzyż
biały,księżyc
biały,niewinny
biały,pokój
biały,prądnik
biały,ptak
biały,rumak
biały,szkwał
biały,wilk
ser,żółty
ser,szwajcarski
ser,pleśniowy
ser,dziury
ser,zółty
ser,biały
ser,dziura
ser,gouda
ser,dziurawy
ser,"z dziurami"
ser,mysz
ser,jedzenie
ser,edamski
ser,szynka
ser,twaróg
ser,pleśń
ser,kanapka
ser,kozi
ser,mleko
ser,szwajcaria
ser,topiony
ser,jeść
ser,nabiał
ser,cheese
ser,chleb
ser,dobry
ser,dziecko
ser,francja
ser,gołda
ser,kalorie
ser,oscypek
ser,pleśnowy
ser,pyszny
ser,ser
ser,serek
ser,smaczny
ser,śmierdzi
ser,wędzony
woda,czysta
woda,mokra
woda,zimna
woda,rzeka
woda,morze
woda,życie
woda,mineralna
woda,picie
woda,mokro
woda,ogień
woda,głęboka
woda,płynie
woda,strumień
woda,pragnienie
woda,cicha
woda,niebieska
woda,źródlana
woda,spokojna
woda,jezioro
woda,mokre
woda,pić
woda,rwąca
woda,święcona
woda,źródło
woda,kran
woda,napój
woda,ocean
woda,przejrzysta
woda,ciecz
woda,kropla
woda,sodowa
woda,bystra
woda,czystość
woda,pitna
woda,płyn
woda,przeźroczysta
woda,słona
woda,butelka
woda,ciepła
woda,"do picia"
woda,gazowana
woda,kolońska
woda,morska
woda,szum
woda,wielka
woda,brudna
woda,niebieski
woda,niegazowana
woda,plusk
woda,brzeg
woda,kac
woda,strumyk
woda,szeroka
woda,szklanka
woda,śnieg
woda,świeża
woda,świeżość
woda,wakacje
woda,wartka
woda,wodospad
woda,wóda
woda,zimno
woda,żywioł
woda,ciemna
woda,deszcz
woda,duża
woda,H20
woda,lód
woda,mętna
woda,mokry
woda,ognista
woda,orzeźwienie
woda,pływanie
woda,powietrze
woda,przezroczysta
woda,przezroczystość
woda,pustynia
woda,ryba
woda,smaczna
woda,studnia
woda,tafla
woda,toaletowa
woda,utleniona
woda,wilgoć
woda,wódka
woda,ziemia
woda,żródlana
woda,życia
